"Station ID","Alias","Area","Class","Status","XCOORD","YCOORD"
"2AS.25","2AS.25","WCA2","Interior","Inactive",821979.102,750405.021
"1-8T","1-8T","Refuge","Interior","Inactive",908984.248,787908.662
"217WQ","217","WCA2","Interior","Inactive",849100.523,710452.296
"2AC.25","C0.25","WCA2","Interior","Active",827864.403,760989.72
"2AC2","404C2","WCA2","Interior","Active",829174.34,755830.017
"2AC4","WCA2C4","WCA2","Interior","Active",830393.343,749711.263
"2AC5","WCA2C5","WCA2","Interior","Active",830674.909,746328.449
"2AFS.25","FS0.25","WCA2","Interior","Active",811180.194,731611.001
"2AN.25","2AN.25","WCA2","Interior","Active",834015.117,771203.431
"2AN1","2AN1","WCA2","Interior","Active",834143.417,768818.553
"2AN2","2AN2","WCA2","Interior","Active",834834.691,765588.009
"2AN4","2AN4","WCA2","Interior","Active",835669.936,759804.175
"2AN6","2AN6","WCA2","Interior","Active",837630.669,753299.179
"2AS.25","S0.25","WCA2","Interior","Inactive",821979.102,750405.021
"2AS1","2AS1","WCA2","Interior","Inactive",822311.578,747852.379
"2AS4","2AS4","WCA2","Interior","Inactive",824982.674,738962.579
"3AS3-SW1","3AS3-SW1","WCA3","Interior","Inactive",731346.462,553896.712
"3AS3-SW2","3AS3-SW2","WCA3","Interior","Inactive",732507.99,553815.054
"3AS3-SW3","3AS3-SW3","WCA3","Interior","Inactive",732097.556,552418.476
"3AS3-SW4","3AS3-SW4","WCA3","Interior","Inactive",731945.623,553626.685
"3ASMESO","3ASMESO","WCA3","Interior","Active",727641.571,590115.272
"3B-2","3B2","WCA3","Interior","Inactive",830084.321,596787.647
"3B-3","3B3","WCA3","Interior","Inactive",824252.715,594442.393
"3B-5","3B5","WCA3","Interior","Inactive",819760.329,527388.951
"3B-6","3B6","WCA3","Interior","Inactive",765572.063,520959.311
"3B-7","3B7","WCA3","Interior","Inactive",810456.379,547546.205
"3BS1-SW1","3BS1-SW1","WCA3","Interior","Inactive",816927.695,526166.929
"3BS1-SW2","3BS1-SW2","WCA3","Interior","Inactive",818360.424,526242.231
"3BS1-SW3","3BS1-SW3","WCA3","Interior","Inactive",817537.296,529972.481
"3BS1-SW4","3BS1-SW4","WCA3","Interior","Inactive",817462.152,525677.842
"404Z1","404Z1","WCA2","Interior","Active",810333.031,728432.365
"A","A","WCA2","Interior","Inactive",862430.625,739391.525
"A-1","A-1","Refuge","Interior","Inactive",881159.204,741102.561
"A-2","A2","Refuge","Interior","Inactive",881215.741,747564.86
"A-3","A3","Refuge","Interior","Inactive",884269.761,788171.122
"A-5","A5","Refuge","Interior","Inactive",909984.259,787813.718
"A-6","A6","Refuge","Interior","Inactive",862529.166,848741.743
"404Y.5","404Y.5","WCA2","Interior","Inactive",831037.5017,764888.5253
"404Y1","404Y1","WCA2","Interior","Inactive",831469.4119,763327.2991
"404Y2","404Y2","WCA2","Interior","Inactive",832333.7803,760095.815
"404Y4","404Y4","WCA2","Interior","Inactive",833899.0828,753668.5638
"404Z.5","404Z.5","WCA2","Interior","Inactive",809082.4892,728018.1715
"404Z1","404Z1","WCA2","Interior","Inactive",810325.4659,728458.8652
"404Z2","404Z2","WCA2","Interior","Inactive",813633.2252,728507.3991
"404Z4","404Z4","WCA2","Interior","Inactive",819756.9019,728748.7328
"E0","E0","WCA2","","Inactive",867709.7143,741138.5332
"E1","E1","WCA2","Interior","Inactive",867942.0582,733978.8054
"E2","E2","WCA2","Interior","Inactive",868156.2245,730453.9643
"E3","E3","WCA2","Interior","Inactive",867089.048,727722.4101
"E333","E333","WCA2","Interior","Inactive",866190.5546,723973.9406
"E367","E367","WCA2","Interior","Inactive",866826.4798,721250.8909
"A-7","A7","Refuge","Interior","Inactive",862325.252,853284.443
"ACME1DS","ACME1DS","Refuge","Inflow","Active",888777.107,827271.87
"A-E1","AE1","WCA3","Interior","Inactive",757778.899,685096.955
"A-E10","AE10","WCA3","Interior","Inactive",789640.249,689425.333
"A-E2","AE2","WCA3","Interior","Inactive",758325.078,685199.222
"A-E3","A-E3","WCA3","Interior","Inactive",758962.08,685402.677
"A-E4","AE4","WCA3","Interior","Inactive",759781.46,685505.624
"A-E5","AE5","WCA3","Interior","Inactive",762056.688,686116.987
"A-E6","AE6","WCA3","Interior","Inactive",762784.727,686320.726
"A-E7","AE7","WCA3","Interior","Inactive",766152.144,687136.981
"A-E8","AE8","WCA3","Interior","Inactive",773160.343,688569.127
"A-E9","AE9","WCA3","Interior","Inactive",779806.777,688991.768
"A-W1","AW1","WCA3","Interior","Inactive",757142.604,684590.638
"A-W10","AW10","WCA3","Interior","Inactive",725443.01,688767.606
"AW-11","AW11","WCA3","Interior","Inactive",718246.048,690876.674
"A-W2","AW2","WCA3","Interior","Inactive",756687.248,684589.561
"A-W3","AW3","WCA3","Interior","Inactive",755503.323,684586.782
"A-W4","AW4","WCA3","Interior","Inactive",754319.397,684584.036
"A-W5","AW5","WCA3","Interior","Inactive",753044.401,684581.116
"A-W6","AW6","WCA3","Interior","Inactive",751769.632,684477.274
"A-W7","AW7","WCA3","Interior","Inactive",744302.205,684259.242
"A-W8","AW8","WCA3","Interior","Inactive",738470.894,685661.012
"A-W9","AW9","WCA3","Interior","Inactive",733915.256,686863.979
"B","B","WCA2","Interior","Inactive",861351.879,736761.126
"B1","B1","WCA2","Interior","Inactive",859546.706,733824.361
"B-2","B2","WCA2","Interior","Inactive",868256.933,738410.679
"B-3","B3","WCA2","Interior","Inactive",867730.368,734571.273
"B-4","B4","WCA2","Interior","Inactive",867739.96,732652.94
"B-5","B5","WCA2","Interior","Inactive",867311.288,727400.499
"B-5B","B5B","WCA2","Interior","Inactive",866461.578,715280.241
"B-5C","B5C","WCA2","Interior","Inactive",866461.578,715280.241
"B-5D","B5D","WCA2","Interior","Inactive",866461.578,715280.241
"B-5E","B5E","WCA2","Interior","Inactive",866461.578,715280.241
"B-5F","B5F","WCA2","Interior","Inactive",866461.578,715280.241
"B-6","B6","WCA2","Interior","Inactive",866250.537,721135.267
"B-7","B7","WCA2","Interior","Inactive",866461.578,715280.241
"BE-1","BE1","WCA3","Interior","Inactive",761434.918,679754.932
"BE-2","BE2","WCA3","Interior","Inactive",762345.735,679757.193
"BE-3","BE3","WCA3","Interior","Inactive",763894.123,679761.081
"BW-1","BW1","WCA3","Interior","Inactive",760797.347,679753.361
"BW-2","BW2","WCA3","Interior","Inactive",760068.693,679751.578
"BW-3","BW3","WCA3","Interior","Inactive",758975.714,679748.926
"C","C","WCA2","Interior","Inactive",860013.708,731302.435
"C-1","C1","WCA3","Interior","Inactive",757598.441,684389.801
"C11W02","C11W02","WCA3","Interior","Inactive",836420.766,629578.577
"C11W06","C11W06","WCA3","Interior","Inactive",833546.214,630322.779
"C11W09","C11W09","WCA3","Interior","Inactive",833900.97,628668.382
"C11W10","C11W10","WCA3","Interior","Inactive",836065.838,628298.509
"C11W13","C11W13","WCA3","Interior","Inactive",832895.612,627968.195
"C11W15","C11W15","WCA3","Interior","Inactive",828987.352,626061.656
"C11W18","C11W18","WCA3","Interior","Inactive",829273.026,629891.154
"C11W19","C11W19","WCA3","Interior","Inactive",828827.743,632311.113
"C11W21","C11W21","WCA3","Interior","Inactive",829736.064,626814.217
"C-2","C2","WCA3","Interior","Inactive",753863.116,684986.828
"C-3A","C3A","WCA3","Interior","Inactive",779917.105,650929.933
"C-3B","C3B","WCA3","Interior","Inactive",780018.478,647396.633
"C-4","WCA3C4","WCA3","Interior","Inactive",757623.269,635525.456
"C-5","WCA3C5","WCA3","Interior","Inactive",747435.905,537675.814
"C-6","C6","WCA3","Interior","Inactive",746000.281,524851.633
"C-7","C7","WCA3","Interior","Inactive",831569.164,679784.131
"C-8","C8","WCA3","Interior","Inactive",833208.669,679790.917
"C-9","C9","WCA3","Interior","Inactive",743012.69,556040.489
"CA1-03.0","CA103.0","Refuge","Rim","Inactive",909714.528,772262.388
"CA1-06.0","CA106.0","Refuge","Rim","Inactive",905835.92,755154.443
"CA1-1","CA11","Refuge","Interior","Inactive",863073.989,848643.475
"CA1-10","CA110","Refuge","Interior","Inactive",842347.158,796950.601
"CA1-11","CA111","Refuge","Interior","Inactive",888163.511,774056.553
"CA1-12","CA112","Refuge","Interior","Inactive",859419.391,760277.231
"CA1-13","CA113","Refuge","Interior","Inactive",888070.616,757900.838
"CA1-14","CA114","Refuge","Interior","Inactive",902658.842,750915.639
"CA1-15","CA115","Refuge","Interior","Inactive",862695.111,741109.262
"CA1-16","CA116","Refuge","Interior","Inactive",885436.236,740721.673
"CA1-2","CA12","Refuge","Interior","Inactive",844590.196,823313.377
"CA1-20.0","CA120.0","Refuge","Rim","Inactive",854359.163,753690.25
"CA1-23.0","CA123.0","Refuge","Rim","Inactive",842467.015,769891.781
"CA1-26.7","CA126.7","Refuge","Rim","Inactive",839032.555,786334.445
"CA1-27.2","CA127.2","Refuge","Rim","Inactive",839300.985,787284.712
"CA1-27.7","CA127.7","Refuge","Rim","Inactive",839195.347,790676.757
"CA1-29.0","CA129.0","Refuge","Rim","Inactive",839064.444,799864.228
"CA1-3","CA13","Refuge","Interior","Inactive",866832.66,822914.696
"CA1-34.0","CA134.0","Refuge","Rim","Inactive",838773.996,824802.095
"CA1-39.0","CA139.0","Refuge","Rim","Inactive",855181.787,848504.043
"CA1-4","CA14","Refuge","Interior","Inactive",890253.135,823039.269
"CA1-42.0","CA142.0","Refuge","Rim","Inactive",866520.356,848862.682
"CA1-47.7","CA147.7","Refuge","Rim","Inactive",891597.745,826075.996
"CA1-5","CA15","Refuge","Interior","Inactive",866910.412,807466.638
"CA1-55.0","CA155.0","Refuge","Rim","Inactive",909287.395,797906.787
"CA1-6","CA16","Refuge","Interior","Inactive",908351.9,787299.029
"CA1-7","CA17","Refuge","Interior","Inactive",893511.065,792766.015
"CA1-8","CA18","Refuge","Interior","Inactive",877444.404,807520.941
"CA1-9","CA19","Refuge","Interior","Inactive",857879.443,797022.377
"CA2-1","CA21","WCA2","Interior","Inactive",837091.047,772998.33
"CA2-10","CA210","WCA2","Interior","Inactive",855208.222,727846.694
"CA2-11","CA211","WCA2","Interior","Inactive",868590.113,726397.224
"CA2-12","CA212","WCA2","Interior","Inactive",885239.885,726585.009
"CA2-13","CA213","WCA2","Interior","Inactive",885043.247,712448.426
"CA2-14","CA214","WCA2","Interior","Inactive",868029.908,711047.449
"CA215","CA215","WCA2","Interior","Inactive",848352.917,709923.814
"CA2-15","CA215","WCA2","Interior","Inactive",848643.599,710854.083
"CA2-16","CA216","WCA2","Interior","Inactive",821522.833,710133.913
"CA217","CA217","WCA2","Interior","Active",834647.785,698276.983
"CA2-17","CA217","WCA2","Interior","Inactive",834680.393,698071.5
"CA2-18","CA218","WCA2","Interior","Inactive",851281.114,691480.815
"CA2-19","CA219","WCA2","Interior","Inactive",865572.977,692457.495
"CA2-2","CA22","WCA2","Interior","Inactive",838990.569,754125.705
"CA2-20","CA220","WCA2","Interior","Inactive",884772.657,695080.583
"CA2-21","CA221","WCA2","Interior","Inactive",838776.892,676987.454
"CA222","CA222","WCA2","Interior","Active",836444.063,708883.115
"CA223","CA223","WCA2","Interior","Active",879536.254,727556.018
"CA224","CA224","WCA2","Interior","Active",822495.785,716475.633
"CA2-3","CA23","WCA2","Interior","Inactive",880911.561,736355.724
"CA2-4","CA24","WCA2","Interior","Inactive",868078.557,737703.011
"CA2-5","CA25","WCA2","Interior","Inactive",858699.462,739777.352
"CA26","CA26","WCA2","Interior","Active",833177.566,737804.615
"CA2-6","CA26","WCA2","Interior","Inactive",837052.478,739578.213
"CA27","CA27","WCA2","Interior","Active",817074.231,738268.988
"CA2-7","CA27","WCA2","Interior","Inactive",816313.558,739797.457
"CA28","CA28","WCA2","Interior","Active",809039.895,727999.769
"CA2-8","CA28","WCA2","Interior","Inactive",808990.384,727553.655
"CA29","CA29","WCA2","Interior","Active",828896.336,724310.463
"CA2-9","CA29","WCA2","Interior","Inactive",827645.897,726514.495
"CA3-1","CA31","WCA3","Interior","Inactive",832661.749,679889.609
"CA3-10","CA310","WCA3","Interior","Inactive",787503.737,643885.371
"CA311","CA311","WCA3","Interior","Active",754325.438,642281.998
"CA3-11","CA311","WCA3","Interior","Inactive",754138.266,644401.703
"CA3-12","CA312","WCA3","Interior","Inactive",728524.203,643745.003
"CA3-13","CA313","WCA3","Interior","Inactive",721534.855,624147.996
"CA314","CA314","WCA3","Interior","Active",800902.49,594867.453
"CA3-14","CA314","WCA3","Interior","Inactive",799338.682,593948.449
"CA315","CA315","WCA3","Interior","Active",760276.655,594038.153
"CA3-15","CA315","WCA3","Interior","Inactive",760000.429,595047.056
"CA316","CA316","WCA3","Interior","Active",829339.466,663808.13
"CA3-16","CA316","WCA3","Interior","Inactive",726414.37,595988.75
"CA325","CA325","WCA3","Interior","Active",731349.939,620035.427
"CA33","CA33","WCA3","Interior","Active",750600.508,718801.408
"CA34","CA34","WCA3","Interior","Active",787433.956,666601.232
"CA3-4","CA34","WCA3","Interior","Inactive",783789.539,666590.173
"CA35","CA35","WCA3","Interior","Active",727039.897,714111.303
"CA3-5","CA35","WCA3","Interior","Inactive",726495.859,712898.868
"CA36","CA36","WCA3","Interior","Active",754665.942,692257.836
"CA3-6","CA36","WCA3","Interior","Inactive",755851.544,691452.913
"CA3-7","CA37","WCA3","Interior","Inactive",729805.43,693721.96
"CA38","CA38","WCA3","Interior","Active",741600.358,669109.777
"CA3-8","CA38","WCA3","Interior","Inactive",741053.934,669007.727
"CA317","CA317","WCA3","Interior","Active",831008.858,636620.772
"CA3-17","CA317","WCA3","Interior","Inactive",750746.967,569786.659
"CA318","CA318","WCA3","Interior","Active",811138.596,605261.505
"CA3-18","CA318","WCA3","Interior","Inactive",766970.07,546302.533
"CA319","CA319","WCA3","Interior","Active",741297.282,546189.653
"CA3-19","CA319","WCA3","Interior","Inactive",739741.417,547150.022
"CA32","CA32","WCA3","Interior","Active",813109.999,696068.046
"CA3-2","CA32","WCA3","Interior","Inactive",813575.704,693242.806
"CA3-20","CA320","WCA3","Interior","Inactive",711418.338,547508.545
"CA3-21","CA321","WCA3","Interior","Inactive",749198.352,525464.09
"CA324","CA324","WCA3","Interior","Active",792484.141,721773.88
"CA39","CA39","WCA3","Interior","Active",817227.796,643956.717
"CA3-9","CA39","WCA3","Interior","Inactive",815575.922,645293.281
"CA3B1","CA3B1","WCA3","Interior","Active",815152.471,577859.031
"CA3B2","CA3B2","WCA3","Interior","Active",790559.09,529882.268
"CR2","CR2","ENP","Interior","Active",780811.915,423578.375
"D","D","WCA2","Interior","Inactive",857422.475,721395.308
"DS-1","DS1","WCA3","Interior","Inactive",758514.49,682170.864
"DS-2","DS2","WCA3","Interior","Inactive",751686.476,680943.48
"DS-3","DS3","WCA3","Interior","Inactive",755712.792,672875.89
"DS332","DS332","ENP","Interior","Inactive",790887.278,395058.584
"DS-4","DS4","WCA3","Interior","Inactive",756098.908,663588.493
"DS-5","DS5","WCA3","Interior","Inactive",773327.918,660704.468
"DS-6","DS6","WCA3","Interior","Inactive",760371.024,667839.021
"DS-7","DS7","WCA3","Interior","Inactive",768663.377,667254.323
"DS-8","DS8","WCA3","Interior","Inactive",761712.161,678140.252
"DS-9","DS9","WCA3","Interior","Inactive",776772.334,667175.518
"E","E","WCA2","Interior","Inactive",849259.474,755383.05
"ENR004","ENR004","Refuge","Rim","Inactive",846086.102,833719.983
"ENR012","ENR012","Refuge","Inflow","Active",838391.63,823420.376
"EP","EP","ENP","Interior","Active",819356.857,340321.019
"F333","F333","WCA2","Interior","Inactive",855944.085,723803.165
"F367","F367","WCA2","Interior","Inactive",857156.942,722470.043
"F4","WCA2F4","WCA2","Interior","Active",856961.121,721166.599
"F425","F425","WCA2","Interior","Inactive",856700.286,719753.801
"F450","F450","WCA2","Interior","Inactive",854951.19,717837.222
"F475","F475","WCA2","Interior","Inactive",856961.609,719912.553
"F5","WCA2F5","WCA2","Interior","Active",853101.836,718640.306
"FRYPUMP","SL","WCA2","Interior","Inactive",864140.738,687402.194
"FS1","FS1","WCA2","Interior","Active",813356.64,731059.998
"FS2","FS2","WCA2","Interior","Inactive",816686.297,730133.938
"G123","G123","WCA3","Inflow","Active",839117.023,660463.958
"G204","G204","WCA3","Inflow","Active",733152.8,726571.091
"G205","G205","WCA3","Inflow","Active",748875.413,726795.695
"G206","G206","WCA3","Inflow","Active",769938.499,727021.721
"G-251","G-251","Refuge","Inflow","Inactive",838505.437,823374.812
"G300","G300","Refuge","Inflow","Active",864183.25,852396.75
"G301","G301","Refuge","Inflow","Active",858538.813,851760.938
"G310","G310","Refuge","Inflow","Active",837199.462,823690.404
"G-3273","G-3273","ENP","Interior","Active",795898.932,471578.581
"G335","G335","WCA2","Inflow","Active",815362.446,743763.455
"G339","G339","WCA2","Inflow","Inactive",835431.847,774776.398
"G344E","G344E","WCA3","Inflow","Active",694534.644,761796.212
"G344F","G344F","WCA3","Inflow","Active",694597.507,759175.733
"G344G","G344G","WCA3","Inflow","Active",694634.496,756396.587
"G344H","G344H","WCA3","Inflow","Active",694690.235,753799.493
"G344I","G344I","WCA3","Inflow","Active",694751.478,751156.872
"G344J","G344J","WCA3","Inflow","Active",694806.087,748516.367
"G344K","G344K","WCA3","Inflow","Active",694863.42,745788.533
"G352B","G352B","WCA3","Inflow","Active",694988.546,740564.385
"G354C","G354C","WCA3","Inflow","Active",695131.159,732925.881
"G393B","G393B","WCA3","Inflow","Active",694760.963,728024.365
"G407","G407","WCA3","Inflow","Active",694330.644,726910.269
"G436","G436","WCA2","Inflow","Active",814696.049,743026.829
"G606","G606","WCA3","Inflow","Inactive",695013.997,726603.569
"G94B","G94B","Refuge","Outflow","Active",910788.086,781576.946
"G94D","G94D","Refuge","Inflow","Active",894254.242,821850.19
"L3","L3","WCA3","Inflow","Inactive",673508.038,762315.339
"L-38-1","L381","WCA3","Interior","Inactive",838017.356,662849.36
"L38-1","L381","WCA3","Interior","Inactive",838017.356,662849.36
"L38-2","L382","WCA3","Interior","Inactive",833657.45,659499.233
"L3BRS","L3BRS","WCA3","Inflow","Active",694538.911,726689.661
"L40-1","L401","Refuge","Inflow","Inactive",889009.606,827656.861
"L40-2","L402","Refuge","Inflow","Inactive",894372.345,822297.566
"L7","L7","Refuge","Inflow","Inactive",849512.124,839314.599
"LOX10","LOX10","Refuge","Interior","Active",845525.551,797402.434
"LOX11","LOX11","Refuge","Interior","Active",887934.934,774297.164
"LOX12","LOX12","Refuge","Interior","Active",859055.587,762676.619
"LOX13","LOX13","Refuge","Interior","Active",885129.741,760574.829
"LOX14","LOX14","Refuge","Interior","Active",903167.646,752990.335
"LOX15","LOX15","Refuge","Interior","Active",868297.894,745776.007
"LOX16","LOX16","Refuge","Interior","Active",883309.432,742078.352
"LOX3","LOX3","Refuge","Interior","Active",866671.573,821777.509
"LOX4","LOX4","Refuge","Interior","Active",886584.881,824581.764
"LOX5","LOX5","Refuge","Interior","Active",866050.598,808768.188
"LOX6","LOX6","Refuge","Interior","Active",907983.676,790338.316
"LOX7","LOX7","Refuge","Interior","Active",892724.021,794680.351
"LOX8","LOX8","Refuge","Interior","Active",872659.12,796700.765
"LOX9","LOX9","Refuge","Interior","Active",856606.485,797567.111
"LOXA101","LOXA101","Refuge","Interior","Active",863096.721,848782.781
"LOXA102","LOXA102","Refuge","Interior","Inactive",843888.5,822736.189
"LOXA103","LOXA103","Refuge","Interior","Inactive",846834.737,828879.18
"LOXA104","LOXA104","Refuge","Rim","Active",839145.513,823438.891
"LOXA104.5","LOXA104.5","Refuge","Interior","Active",839467.336,822035.053
"LOXA105","LOXA105","Refuge","Interior","Active",840445.383,821234.314
"LOXA106","LOXA106","Refuge","Interior","Active",842017.795,821352.863
"LOXA107","LOXA107","Refuge","Interior","Active",845240.163,819616.758
"LOXA107U","LOXA107U","Refuge","Interior","Active",848395.023,817382.593
"LOXA108","LOXA108","Refuge","Interior","Active",850351.44,816212.192
"LOXA109","LOXA109","Refuge","Interior","Inactive",841825.471,807932.378
"LOXA110","LOXA110","Refuge","Interior","Inactive",846519.856,807935.666
"LOXA111","LOXA111","Refuge","Interior","Inactive",848055.204,797072.54
"LOXA112","LOXA112","Refuge","Interior","Inactive",843073.532,797700.312
"LOXA113","LOXA113","Refuge","Interior","Inactive",850067.137,796751.737
"LOXA114","LOXA114","Refuge","Interior","Inactive",852081.152,796748.277
"LOXA115","LOXA115","Refuge","Rim","Inactive",837594.203,782082.564
"LOXA116","LOXA116","Refuge","Interior","Inactive",838982.548,781664.315
"LOXA117","LOXA117","Refuge","Interior","Inactive",840748.522,782670.078
"LOXA118","LOXA118","Refuge","Interior","Inactive",843783.196,783950.3
"LOXA119","LOXA119","Refuge","Interior","Inactive",851829.029,782869.373
"LOXA120","LOXA120","Refuge","Interior","Inactive",857942.539,785514.013
"LOXA121","LOXA121","Refuge","Interior","Inactive",838995.637,776073.107
"LOXA122","LOXA122","Refuge","Interior","Inactive",843155.851,774770.537
"LOXA123","LOXA123","Refuge","Interior","Inactive",852402.376,761257.858
"LOXA124","LOXA124","Refuge","Interior","Active",905230.454,771933.764
"LOXA126","LOXA126","Refuge","Interior","Inactive",909341.208,790372.97
"LOXA127","LOXA127","Refuge","Interior","Inactive",899606.025,793631.807
"LOXA128","LOXA128","Refuge","Interior","Inactive",854312.366,797038.757
"LOXA129","LOXA129","Refuge","Interior","Inactive",896019.421,819010.747
"LOXA129","LOXA129","Refuge","Rim","Inactive",896019.421,819010.747
"LOXA130","LOXA130","Refuge","Interior","Active",894727.024,817953.363
"LOXA131","LOXA131","Refuge","Interior","Inactive",892261.097,815259.951
"LOXA132","LOXA132","Refuge","Interior","Inactive",887533.644,827686.689
"LOXA133","LOXA133","Refuge","Interior","Inactive",886340.494,826256.574
"LOXA134","LOXA134","Refuge","Interior","Inactive",882073.936,827966.18
"LOXA135","LOXA135","Refuge","Rim","Active",879590.698,832859.797
"LOXA136","LOXA136","Refuge","Interior","Active",878768.34,831196.928
"LOXA137","LOXA137","Refuge","Interior","Active",877783.392,829850.46
"LOXA138","LOXA138","Refuge","Interior","Active",876177.959,826829.756
"LOXA139","LOXA139","Refuge","Interior","Active",872776.162,821907.625
"LOXA140","LOXA140","Refuge","Interior","Active",868792.161,837982.68
"LOXAZ0","Z0","Refuge","Rim","Active",838658.447,775815.636
"LOXAZ1","Z1","Refuge","Interior","Active",839567.801,776142.313
"LOXAZ2","Z2","Refuge","Interior","Active",843260.477,775252.145
"LOXAZ3","Z3","Refuge","Interior","Active",849634.721,773040.806
"LOXAZ4","Z4","Refuge","Interior","Active",856371.609,768130
"MARSH-2","MARSH-2","WCA3","Interior","Inactive",837563.043,662544.537
"MC-1","MC1","WCA3","Interior","Inactive",760060.328,683184.212
"N-217","CA217","WCA2","Interior","Inactive",849010.423,710249.956
"N-3.5","2AN3.5","WCA2","Interior","Inactive",868203.923,730837.849
"N-4.5","2AN4.5","WCA2","Interior","Inactive",867587.765,726695.108
"N-6.4","2AN6.4","WCA2","Interior","Inactive",867786.38,723364.186
"NE1","NE1","ENP","Interior","Active",776525.713,493932.564
"NP201","NP201","ENP","Interior","Active",748471.398,502745.803
"NP206","NP206","ENP","Interior","Inactive",764124.911,440597.338
"NSIDSP01","NSIDSP01","WCA2","Inflow","Active",886354.535,710854.742
"P33","P33","ENP","Interior","Active",754241.524,466002.855
"P34","P34","ENP","Interior","Active",675677.609,463646.917
"P35","P35","ENP","Interior","Active",700840.213,409940.74
"P36","P36","ENP","Interior","Active",723561.541,434499.504
"P37","P37","ENP","Interior","Active",759124.326,346299.577
"RG1","RG1","ENP","Interior","Active",785317.837,453677.658
"S10A","S10A","Refuge","Outflow","Active",881389.691,737105.94
"S10A","S10A","WCA2","Inflow","Active",881389.691,737105.94
"S10C","S10C","Refuge","Outflow","Active",868226.514,741356.26
"S10C","S10C","WCA2","Inflow","Active",868226.514,741356.26
"S10D","S10D","Refuge","Outflow","Active",858603.087,747477.667
"S10D","S10D","WCA2","Inflow","Active",858603.087,747477.667
"S10E","S10E","Refuge","Outflow","Inactive",838939.318,775377.936
"S10E","S10E","WCA2","Inflow","Inactive",838939.318,775377.936
"S11A","S11A","WCA2","Outflow","Active",836982.838,670590.414
"S11A","S11A","WCA3","Inflow","Active",836982.838,670590.414
"S11B","S11B","WCA2","Outflow","Active",835135.875,679708.5
"S11B","S11B","WCA3","Inflow","Active",835135.875,679708.5
"S11C","S11C","WCA2","Outflow","Active",833102.75,689501.375
"S11C","S11C","WCA3","Inflow","Active",833102.75,689501.375
"S12A","S12A","ENP","Inflow","Active",715567.581,519347.764
"S12A","S12A","WCA3","Outflow","Active",715567.581,519347.764
"S12B","S12B","ENP","Inflow","Active",731970.938,519208.75
"S12B","S12B","WCA3","Outflow","Active",731970.938,519208.75
"S12C","S12C","ENP","Inflow","Active",745985.514,519431.693
"S12C","S12C","WCA3","Outflow","Active",745985.514,519431.693
"S12D","S12D","ENP","Inflow","Active",760851.75,519299.406
"S12D","S12D","WCA3","Outflow","Active",760851.75,519299.406
"S12D1.0","S12D1.0","ENP","Interior","Inactive",760160.989,513918.932
"S12D3.0","S12D3.0","ENP","Interior","Inactive",760530.944,508355.026
"S14","S14","WCA3","Outflow","Inactive",714836.747,519246.018
"S140","S140","WCA3","Inflow","Active",712706.857,668076.775
"S142","S142","WCA3","Outflow","Active",837805.665,664246.121
"S144","S144","WCA2","Outflow","Active",853638.449,685546.189
"S145","S145","WCA2","Outflow","Active",864108.609,686894.975
"S146","S146","WCA2","Outflow","Active",874702.406,688259.918
"S150","S150","WCA3","Inflow","Active",806940.108,727693.845
"S175","S175","ENP","Inflow","Inactive",796873.875,394326.969
"S176","S176","ENP","Inflow","Inactive",800395.137,417910.521
"S18C","S18C","ENP","Inflow","Active",813035.408,362709.138
"S190","S190","WCA3","Inflow","Active",666738.25,708953.75
"S31","S31","WCA3","Outflow","Active",840001.625,585222.125
"S332","S332","ENP","Inflow","Inactive",791556.126,395749.95
"S332D","S332D","ENP","Inflow","Inactive",800088.55,417987.554
"S332DAS","S332D","ENP","Inflow","Inactive",800249.171,418047.746
"S332DX","S332DX","ENP","Inflow","Active",800358.927,418138.36
"S333","S333","ENP","Inflow","Active",763427.212,519379.094
"S333","S333","WCA3","Outflow","Active",763427.212,519379.094
"S334","S334","WCA3","Outflow","Active",820002.741,519390.772
"S34","S34","WCA2","Outflow","Active",839054.476,660557.387
"S344","S344","WCA3","Outflow","Active",709959.634,576393.358
"S345B6","S345B6","WCA3","Interior","Active",804466.071,552794.287
"S355A","S355A","ENP","Inflow","Active",790870.005,519488.616
"S355A","S355A","WCA3","Outflow","Active",790870.005,519488.616
"S355B","S355B","ENP","Inflow","Active",803264.163,519517.215
"S355B","S355B","WCA3","Outflow","Active",803264.163,519517.215
"S362","S362","Refuge","Inflow","Active",879019.895,833717.823
"S38","S38","WCA2","Outflow","Active",886094.77,689713.214
"S38B","S38B","WCA2","Inflow","Inactive",886108.311,710907.93
"S39","S39","Refuge","Outflow","Active",886178.125,735692
"S5A","S5A","Refuge","Inflow","Inactive",862607.304,854832.412
"S5AD","S5AD","Refuge","Rim","Inactive",862841.209,854630.497
"S5AS","S5AS","Refuge","Inflow","Inactive",863833.376,854899.509
"S6","G338","Refuge","Inflow","Active",837418.19,777643.304
"S6","S6","Refuge","Inflow","Inactive",837418.19,777643.304
"S6D","S6D","Refuge","Rim","Inactive",837539.848,777868.908
"S7","S7","WCA2","Inflow","Active",807875.428,727956.778
"S8","S8","WCA3","Inflow","Active",729982.416,726281.199
"S9","S9","WCA3","Inflow","Active",838950.502,628497.902
"S9A","S9A","WCA3","Inflow","Active",838913.195,628617.352
"SITE-D","SITE-D","WCA2","Interior","Inactive",857878.413,721195.543
"SL","SL","WCA2","Interior","Inactive",864140.738,687402.194
"SRS1C","SRS1C","ENP","Interior","Active",796288.098,516956.398
"SRS2","SRS2","ENP","Interior","Active",726973.136,448156.334
"T","T","WCA2","Interior","Inactive",866423.511,722953.53
"T1-1","T1-1","ENP","Interior","Inactive",791525.994,393016.114
"T1-2","T1-2","ENP","Interior","Inactive",790308.526,393569.646
"T1-3","T1-3","ENP","Interior","Inactive",789461.892,393385.372
"T2-3","T2-3","ENP","Interior","Inactive",786588.608,390208.972
"T2-4","T2-4","ENP","Interior","Inactive",785768.302,390400.382
"T2-5","T2-5","ENP","Interior","Inactive",785113.121,390568.062
"T2-6","T2-6","ENP","Interior","Inactive",784891.895,390967.18
"T3-1","T3-1","ENP","Interior","Inactive",792195.869,377330.493
"T3-2","T3-2","ENP","Interior","Inactive",790606.545,376962.216
"T3-3","T3-3","ENP","Interior","Inactive",787673.202,375136.306
"T3-3","T3-3","ENP","Interior","Inactive",787673.202,375136.306
"T3-4","T3-4","ENP","Interior","Inactive",785900.355,375379.411
"T3-4","T3-4","ENP","Interior","Inactive",785900.355,375379.411
"T3-5","T3-5","ENP","Interior","Inactive",782667.049,376345.227
"T3-6","T3-6","ENP","Interior","Inactive",781762.151,377172.456
"T5-1","T5-1","ENP","Interior","Inactive",790016.023,401140.061
"T5-2","T5-2","ENP","Interior","Inactive",786498.019,400402.684
"T5-3","T5-3","ENP","Interior","Inactive",783455.766,400593.686
"T7-1","T7-1","ENP","Interior","Inactive",777812.843,356361.874
"T7-2","T7-2","ENP","Interior","Inactive",775541.926,355247.293
"T7-3","T7-3","ENP","Interior","Inactive",774086.911,355788.526
"T7-4","T7-4","ENP","Interior","Inactive",771338.259,356253.748
"T7-5","T7-5","ENP","Interior","Inactive",768431.21,356240.243
"T7-6","T7-6","ENP","Interior","Inactive",765556.242,356614.65
"TSB","TSB","ENP","Interior","Active",785984.88,388464.792
"TSPH2A","TSPH2A","ENP","Interior","Inactive",785924.894,389115.259
"U1","U1","WCA2","Interior","Active",867369.013,693780.542
"U3","U3","WCA2","Interior","Active",849017.777,710631.801
"US41-25","US41-25","WCA3","Outflow","Active",707397.017,525076.582
"WCA2E0","E0","WCA2","","Inactive",867697.539,741134.004
"WCA2E1","E1","WCA2","Interior","Inactive",868005.798,734067.814
"WCA2E2","E2","WCA2","Interior","Inactive",868477.356,730738.253
"WCA2E3","E3","WCA2","Interior","Inactive",867025.265,730024.221
"WCA2E4","WCA2E4","WCA2","Interior","Inactive",866899.559,718715.286
"WCA2E5","E5","WCA2","Interior","Inactive",866418.022,708189.274
"WCA2F0","F0","WCA2","","Inactive",863979.633,742432.566
"WCA2F1","WCA2F1","WCA2","Interior","Active",862669.253,737365.866
"WCA2F2","WCA2F2","WCA2","Interior","Active",860175.579,730934.432
"WCA2F3","WCA2F3","WCA2","Interior","Active",856461.466,725973.368
"WCA2F4","WCA2F4","WCA2","Interior","Active",857574.801,721376.632
"WCA2F5","WCA2F5","WCA2","Interior","Active",853101.836,718640.306
"WCA2U1","U1","WCA2","Interior","Inactive",867369.013,693780.542
"WCA2U2","WCA2U2","WCA2","Interior","Inactive",857787.566,702011.569
"X1","X1","Refuge","Interior","Active",838580.516,782990.043
"X4","X4","Refuge","Interior","Active",851416.156,784264.744
"Z1","Z1","Refuge","Interior","Active",839678.415,776095.143
"3AE0","3AE0","WCA3","Inflow","",711532.1894,639818.7472
"3AE05","3AE05","WCA3","Interior","Inactive",714882.9702,637460.7157
"3AE10","3AE10","WCA3","Interior","Inactive",714526.1566,634370.8046
"3AE15","3AE15","WCA3","Interior","Inactive",714890.9029,631681.6914
"3AE20","3AE20","WCA3","Interior","Inactive",717224.5025,629576.884
"3AE40","3AE40","WCA3","Interior","Inactive",723607.1661,620536.296
"3AW0","3AW0","WCA3","Inflow","",707988.0484,639559.8811
"3AW05","3AW05","WCA3","Interior","Inactive",710518.0812,637236.8684
"3AW10","3AW10","WCA3","Interior","Inactive",713474.4029,635423.4204
"3AW15","3AW15","WCA3","Interior","Inactive",713281.7386,632224.7048
"3AW20","3AW20","WCA3","Interior","Inactive",714006.7827,630081.26
"3AW30","3AW30","WCA3","Interior","Inactive",716177.8639,626849.4499
"3AW40","3AW40","WCA3","Interior","Inactive",717040.6616,620344.7349
"E4","E4","WCA2","Interior","Inactive",866741.4027,718596.9591
"E425","E425","WCA2","Interior","Inactive",867444.0454,715656.1568
"E430","E430","WCA2","Interior","Inactive",865546.7182,715065.147
"E450","E450","WCA2","Interior","Inactive",866837.4691,712454.3929
"E475","E475","WCA2","Interior","Inactive",865147.8693,709574.4347
"E485","E485","WCA2","Interior","Inactive",864042.7098,707751.5402
"E5","E5","WCA2","Interior","Inactive",866600.2514,707437.0124
"F0","F0","WCA2","","Inactive",864265.6763,742357.3114
"F1","WCA2F1","WCA2","Interior","Inactive",862294.8811,736931.5523
"F2","WCA2F2","WCA2","Interior","Inactive",860359.9972,730742.7439
"F3","WCA2F3","WCA2","Interior","Active",856550.4253,726035.4548
"F333","F333","WCA2","Interior","Inactive",855803.7739,724614.3033
"F367","F367","WCA2","Interior","Inactive",857156.3958,722585.1466
"F4","WCA2F4","WCA2","Interior","Active",857522.9428,721278.3153
"F425","F425","WCA2","Interior","Inactive",857074.3402,719167.9284
"F430","F430","WCA2","Interior","Inactive",856647.9539,719274.9551
"F450","F450","WCA2","Interior","Inactive",854918.7143,717776.4874
"F475","F475","WCA2","Interior","Inactive",854029.092,718862.796
"F5","WCA2F5","WCA2","Interior","Active",852950.3961,718348.8817
"F520","F520","WCA2","Interior","Inactive",852407.4568,715329.3879
"H3","H3","WCA2","Interior","Inactive",863031.2632,726975.3822
"H333","H333","WCA2","Interior","Inactive",858006.3339,722952.684
"H367","H367","WCA2","Interior","Inactive",861416.3418,722278.4455
"H4","H4","WCA2","Interior","Inactive",861269.6376,718751.85
"H425","H425","WCA2","Interior","Inactive",860920.3525,716460.1554
"H450","H450","WCA2","Interior","Inactive",860239.3676,715002.8996
"H475","H475","WCA2","Interior","Inactive",856244.4052,714547.6546
"H5","H5","WCA2","Interior","Inactive",855147.7078,710871.232
"N1","2AN1","WCA2","Interior","Inactive",834130.2472,768681.8234
"S12A10","S12A10","ENP","Interior","Inactive",716669.9551,486267.4265
"S12A2","S12A2","ENP","Interior","Inactive",715023.0829,510652.1661
"S12A6","S12A6","ENP","Interior","Inactive",714184.8346,497458.0472
"S12C10","S12C10","ENP","Interior","Inactive",749013.3209,486251.6683
"S12C10","S12C10","ENP","Interior","Inactive",749013.3209,486251.6683
"S12C2","S12C2","ENP","Interior","Inactive",745208.6584,510630.8739
"S12C2","S12C2","ENP","Interior","Inactive",745208.6584,510630.8739
"S12C6","S12C6","ENP","Interior","Inactive",745071.1991,497364.8282
"S12C6","S12C6","ENP","Interior","Inactive",745071.1991,497364.8282
"S345B2","S345B2","WCA3","Interior","Inactive",798623.1505,564164.9981
"S345B6","S345B6","WCA3","Interior","Inactive",804482.1669,552626.7023
"S345C2","S345C2","WCA3","Interior","Inactive",790317.8802,549454.672
"S345C6","S345C6","WCA3","Interior","Inactive",792165.7133,537066.5824
"S355A10","S355A10","ENP","Interior","Inactive",790709.6937,486687.6005
"S355A2","S355A2","ENP","Interior","Inactive",790926.475,512384.2014
"S355A6","S355A6","ENP","Interior","Inactive",790738.2552,498754.2041
"S355B10","S355B10","ENP","Interior","Inactive",803128.8748,486073.5205
"S355B2","S355B2","ENP","Interior","Inactive",802443.8089,513475.4888
"S355B6","S355B6","ENP","Interior","Inactive",803181.1518,499848.493
"T05E","T05E","ENP","Interior","Inactive",790991.7323,394955.6676
"T05W","T05W","ENP","Interior","Inactive",790727.6901,394954.8603
"T0E","T0E","ENP","","Inactive",791574.877,398519.1311
"T0W","T0W","ENP","","Inactive",791334.0394,401716.6337
"T10E","T10E","ENP","Interior","Inactive",789775.8276,393207.4722
"T10W","T10W","ENP","Interior","Inactive",789380.1883,393060.9002
"T11","T11","ENP","Interior","Inactive",791460.167,392885.5195
"T12","T12","ENP","Interior","Inactive",790237.256,393426.9351
"T13","T13","ENP","Interior","Inactive",789379.6389,393242.6162
"T15E","T15E","ENP","Interior","Inactive",788164.4931,391203.7226
"T15W","T15W","ENP","Interior","Inactive",787965.4667,391530.2185
"T21","T21","ENP","Interior","Inactive",787974.1601,388622.7659
"T22","T22","ENP","Interior","Inactive",787575.9821,389312.103
"T23","T23","ENP","Interior","Inactive",786517.4227,390072.173
"T24","T24","ENP","Interior","Inactive",785691.6668,390251.4562
"T25","T25","ENP","Interior","Inactive",785030.9609,390431.237
"T26","T26","ENP","Interior","Inactive",784831.7423,390830.4329
"T31","T31","ENP","Interior","Inactive",792135.6856,377187.2194
"T32","T32","ENP","Interior","Inactive",790518.8814,376818.8365
"T33","T33","ENP","Interior","Inactive",787585.6136,374992.8443
"T34","T34","ENP","Interior","Inactive",785834.7978,375242.0717
"T35","T35","ENP","Interior","Inactive",782596.0324,376213.9477
"T36","T36","ENP","Interior","Inactive",781702.1373,377047.2914
"T51","T51","ENP","Interior","Inactive",789950.2402,400985.5329
"T52","T52","ENP","Interior","Inactive",786421.3133,400248.0776
"T53","T53","ENP","Interior","Inactive",783384.5687,400457.2592
"T61","T61","ENP","Interior","Inactive",771140.9186,324285.2183
"T62","T62","ENP","Interior","Inactive",753847.2252,326279.0068
"T63","T63","ENP","Interior","Inactive",745639.8457,330949.8612
"T64","T64","ENP","Interior","Inactive",741044.1355,331667.6824
"T71","T71","ENP","Interior","Inactive",777731.1207,356211.6226
"T72","T72","ENP","Interior","Inactive",775454.7055,355115.144
"T73","T73","ENP","Interior","Inactive",773999.7189,355656.3901
"T74","T74","ENP","Interior","Inactive",771256.6287,356121.6302
"T75","T75","ENP","Interior","Inactive",768349.6272,356114.1677
"T76","T76","ENP","Interior","Inactive",765474.764,356470.4029
"U2","U2","WCA2","Interior","Inactive",857977.061,701579.2511
"WCA1MESO","WCA1MESO","Refuge","Interior","Inactive",881714.2103,791810.799
"X0","X0","Refuge","Rim","Inactive",837702.1228,782618.9843
"X1","X1","Refuge","Interior","Inactive",838682.3091,782877.6785
"X2","X2","Refuge","Interior","Inactive",841293.1462,784234.0428
"X3","X3","Refuge","Interior","Inactive",844537.8081,782794.4706
"X4","X4","Refuge","Interior","Inactive",851530.5869,784353.1006
"Y4","Y4","Refuge","Interior","Inactive",851735.5586,775448.3136
"Y433","Y433","Refuge","Interior","Inactive",849072.8901,771074.0387
"Z0","Z0","Refuge","Rim","Inactive",838647.4982,775825.6859
"Z1","Z1","Refuge","Interior","Inactive",839397.2511,776446.8902
"Z2","Z2","Refuge","Interior","Inactive",843361.8608,775083.0617
"Z3","Z3","Refuge","Interior","Inactive",849719.0737,772858.1466
"Z4","Z4","Refuge","Interior","Inactive",856316.3843,768454.325
"SRS1B","SRS1B","ENP","Interior","Active",746481.415,517746.109
